Date,Product_ID,Store_ID,Units_Sold,Unit_Price,Total_Sales
2020-01-01,P003,S01,132,326,43032
2020-01-02,P004,S02,98,412,40376
2020-01-03,P001,S02,37,216,7992
2020-01-04,P003,S01,75,401,30075
2020-01-05,P003,S02,172,241,41452
2020-01-06,P004,S01,14,138,1932
2020-01-07,P001,S02,177,492,87084
2020-01-08,P001,S01,193,454,87622
2020-01-09,P003,S01,173,351,60723
2020-01-10,P002,S01,54,432,23328
2020-01-11,P003,S02,160,306,48960
2020-01-12,P003,S02,56,309,17304
2020-01-13,P003,S02,40,214,8560
2020-01-14,P003,S01,148,324,47952
2020-01-15,P004,S02,19,233,4427
2020-01-16,P001,S02,127,350,44450
2020-01-17,P004,S01,23,318,7314
2020-01-18,P004,S03,89,190,16910
2020-01-19,P004,S01,102,453,46206
2020-01-20,P003,S02,19,475,9025
2020-01-21,P002,S01,85,145,12325
2020-01-22,P001,S03,103,137,14111
2020-01-23,P002,S01,114,241,27474
2020-01-24,P004,S02,10,199,1990
2020-01-25,P004,S03,142,427,60634
2020-01-26,P002,S02,29,289,8381
2020-01-27,P002,S03,17,134,2278
2020-01-28,P002,S03,180,246,44280
2020-01-29,P004,S01,10,129,1290
2020-01-30,P004,S01,66,433,28578
2020-01-31,P001,S02,73,183,13359
2020-02-01,P001,S01,127,468,59436
2020-02-02,P004,S01,37,380,14060
2020-02-03,P002,S03,130,443,57590
2020-02-04,P002,S01,116,369,42804
2020-02-05,P001,S03,174,253,44022
2020-02-06,P004,S03,184,201,36984
2020-02-07,P001,S03,174,314,54636
2020-02-08,P001,S02,58,249,14442
2020-02-09,P003,S02,129,182,23478
2020-02-10,P003,S02,53,209,11077
2020-02-11,P003,S03,65,486,31590
2020-02-12,P002,S02,165,374,61710
2020-02-13,P004,S02,120,300,36000
2020-02-14,P004,S01,143,383,54769
2020-02-15,P004,S02,117,272,31824
2020-02-16,P004,S02,198,426,84348
2020-02-17,P003,S03,157,305,47885
2020-02-18,P002,S03,123,162,19926
2020-02-19,P002,S03,87,172,14964
2020-02-20,P003,S03,139,350,48650
2020-02-21,P002,S03,46,223,10258
2020-02-22,P003,S03,29,474,13746
2020-02-23,P004,S02,35,220,7700
2020-02-24,P003,S03,38,374,14212
2020-02-25,P004,S03,10,497,4970
2020-02-26,P004,S01,128,219,28032
2020-02-27,P001,S02,44,416,18304
2020-02-28,P003,S02,68,263,17884
2020-02-29,P001,S02,78,385,30030
2020-03-01,P003,S03,170,364,61880
2020-03-02,P003,S03,188,419,78772
2020-03-03,P001,S03,21,260,5460
2020-03-04,P001,S01,29,475,13775
2020-03-05,P003,S03,190,407,77330
2020-03-06,P002,S01,52,188,9776
2020-03-07,P004,S02,135,241,32535
2020-03-08,P001,S03,59,302,17818
2020-03-09,P004,S01,38,408,15504
2020-03-10,P002,S01,194,326,63244
2020-03-11,P002,S03,48,433,20784
2020-03-12,P002,S02,193,321,61953
2020-03-13,P001,S02,180,140,25200
2020-03-14,P002,S02,187,295,55165
2020-03-15,P001,S01,160,167,26720
2020-03-16,P002,S01,181,363,65703
2020-03-17,P004,S01,47,101,4747
2020-03-18,P004,S01,93,460,42780
2020-03-19,P003,S02,160,224,35840
2020-03-20,P004,S03,137,209,28633
2020-03-21,P003,S01,135,185,24975
2020-03-22,P004,S01,54,219,11826
2020-03-23,P001,S02,61,226,13786
2020-03-24,P004,S03,89,354,31506
2020-03-25,P003,S03,187,282,52734
2020-03-26,P003,S02,133,115,15295
2020-03-27,P002,S02,128,161,20608
2020-03-28,P001,S03,17,468,7956
2020-03-29,P004,S01,94,257,24158
2020-03-30,P002,S03,138,367,50646
2020-03-31,P004,S02,17,134,2278
2020-04-01,P004,S01,166,366,60756
2020-04-02,P002,S01,105,163,17115
2020-04-03,P002,S02,111,149,16539
2020-04-04,P002,S02,14,354,4956
2020-04-05,P002,S02,95,248,23560
2020-04-06,P002,S03,184,424,78016
2020-04-07,P004,S03,43,403,17329
2020-04-08,P002,S01,64,375,24000
2020-04-09,P001,S02,128,456,58368
2020-04-10,P003,S01,180,271,48780
2020-04-11,P002,S01,167,300,50100
2020-04-12,P002,S01,123,492,60516
2020-04-13,P004,S01,154,423,65142
2020-04-14,P002,S02,35,134,4690
2020-04-15,P002,S01,145,315,45675
2020-04-16,P002,S02,56,164,9184
2020-04-17,P004,S02,122,107,13054
2020-04-18,P002,S03,85,400,34000
2020-04-19,P003,S02,81,442,35802
2020-04-20,P004,S03,98,431,42238
2020-04-21,P003,S02,55,175,9625
2020-04-22,P004,S02,42,273,11466
2020-04-23,P002,S02,10,146,1460
2020-04-24,P003,S03,156,114,17784
2020-04-25,P004,S03,40,460,18400
2020-04-26,P001,S01,151,246,37146
2020-04-27,P002,S03,62,125,7750
2020-04-28,P004,S03,57,407,23199
2020-04-29,P001,S03,78,192,14976
2020-04-30,P004,S03,114,331,37734
2020-05-01,P001,S01,99,120,11880
2020-05-02,P002,S03,199,406,80794
2020-05-03,P003,S02,72,137,9864
2020-05-04,P001,S02,82,375,30750
2020-05-05,P004,S03,170,256,43520
2020-05-06,P002,S03,178,278,49484
2020-05-07,P001,S02,98,231,22638
2020-05-08,P004,S02,185,410,75850
2020-05-09,P004,S01,22,447,9834
2020-05-10,P004,S02,82,127,10414
2020-05-11,P001,S02,86,359,30874
2020-05-12,P001,S03,168,175,29400
2020-05-13,P001,S02,77,166,12782
2020-05-14,P003,S01,107,441,47187
2020-05-15,P001,S02,134,293,39262
2020-05-16,P001,S03,111,261,28971
2020-05-17,P001,S03,141,446,62886
2020-05-18,P003,S02,111,460,51060
2020-05-19,P001,S03,28,356,9968
2020-05-20,P004,S01,91,171,15561
2020-05-21,P001,S01,150,186,27900
2020-05-22,P004,S02,32,361,11552
2020-05-23,P004,S02,92,313,28796
2020-05-24,P004,S02,118,252,29736
2020-05-25,P003,S03,84,309,25956
2020-05-26,P003,S01,138,160,22080
2020-05-27,P003,S01,97,367,35599
2020-05-28,P001,S03,63,361,22743
2020-05-29,P004,S01,98,317,31066
2020-05-30,P003,S02,152,382,58064
2020-05-31,P003,S02,74,235,17390
2020-06-01,P001,S02,85,479,40715
2020-06-02,P003,S01,152,461,70072
2020-06-03,P001,S02,158,192,30336
2020-06-04,P002,S03,156,208,32448
2020-06-05,P003,S03,69,340,23460
2020-06-06,P002,S01,102,454,46308
2020-06-07,P001,S03,170,241,40970
2020-06-08,P004,S03,58,390,22620
2020-06-09,P003,S01,44,336,14784
2020-06-10,P001,S02,181,439,79459
2020-06-11,P004,S02,111,411,45621
2020-06-12,P004,S02,20,276,5520
2020-06-13,P002,S01,108,240,25920
2020-06-14,P001,S03,119,288,34272
2020-06-15,P004,S02,83,148,12284
2020-06-16,P003,S02,183,401,73383
2020-06-17,P003,S01,18,468,8424
2020-06-18,P002,S02,12,289,3468
2020-06-19,P004,S01,94,235,22090
2020-06-20,P001,S03,35,142,4970
2020-06-21,P003,S01,81,479,38799
2020-06-22,P004,S01,57,452,25764
2020-06-23,P004,S01,165,189,31185
2020-06-24,P002,S01,126,394,49644
2020-06-25,P003,S03,163,440,71720
2020-06-26,P003,S03,162,344,55728
2020-06-27,P001,S02,21,291,6111
2020-06-28,P003,S03,142,417,59214
2020-06-29,P001,S03,57,205,11685
2020-06-30,P003,S02,46,462,21252
2020-07-01,P002,S03,53,409,21677
2020-07-02,P003,S01,24,481,11544
2020-07-03,P001,S01,52,332,17264
2020-07-04,P001,S02,185,364,67340
2020-07-05,P002,S02,96,443,42528
2020-07-06,P003,S02,79,136,10744
2020-07-07,P003,S01,55,404,22220
2020-07-08,P002,S03,117,140,16380
2020-07-09,P003,S01,132,116,15312
2020-07-10,P003,S02,180,443,79740
2020-07-11,P001,S03,30,376,11280
2020-07-12,P003,S03,160,406,64960
2020-07-13,P003,S01,116,158,18328
2020-07-14,P002,S02,89,282,25098
2020-07-15,P002,S01,56,140,7840
2020-07-16,P004,S03,126,138,17388
2020-07-17,P001,S01,133,496,65968
2020-07-18,P003,S01,152,291,44232
2020-07-19,P003,S02,34,366,12444
2020-07-20,P004,S02,45,246,11070
2020-07-21,P003,S03,60,494,29640
2020-07-22,P001,S01,24,432,10368
2020-07-23,P004,S01,77,226,17402
2020-07-24,P001,S01,30,145,4350
2020-07-25,P004,S03,150,144,21600
2020-07-26,P004,S03,28,100,2800
2020-07-27,P002,S02,43,267,11481
2020-07-28,P001,S02,87,207,18009
2020-07-29,P003,S02,134,118,15812
2020-07-30,P003,S01,126,431,54306
2020-07-31,P001,S01,61,171,10431
2020-08-01,P003,S02,36,208,7488
2020-08-02,P003,S01,166,367,60922
2020-08-03,P001,S02,165,339,55935
2020-08-04,P004,S03,44,400,17600
2020-08-05,P001,S02,145,189,27405
2020-08-06,P004,S03,153,202,30906
2020-08-07,P003,S01,115,349,40135
2020-08-08,P003,S02,173,107,18511
2020-08-09,P003,S01,167,252,42084
2020-08-10,P002,S03,155,446,69130
2020-08-11,P004,S03,11,273,3003
2020-08-12,P002,S03,186,442,82212
2020-08-13,P002,S01,86,257,22102
2020-08-14,P001,S01,141,314,44274
2020-08-15,P002,S01,99,276,27324
2020-08-16,P001,S01,98,274,26852
2020-08-17,P001,S03,103,439,45217
2020-08-18,P002,S03,16,437,6992
2020-08-19,P004,S02,104,245,25480
2020-08-20,P004,S02,117,423,49491
2020-08-21,P004,S01,83,260,21580
2020-08-22,P004,S03,48,226,10848
2020-08-23,P004,S03,150,181,27150
2020-08-24,P002,S03,168,246,41328
2020-08-25,P002,S02,80,338,27040
2020-08-26,P003,S02,65,183,11895
2020-08-27,P004,S03,179,212,37948
2020-08-28,P002,S03,198,324,64152
2020-08-29,P003,S03,51,431,21981
2020-08-30,P004,S02,193,477,92061
2020-08-31,P001,S03,45,342,15390
2020-09-01,P003,S03,93,242,22506
2020-09-02,P002,S01,127,140,17780
2020-09-03,P001,S01,16,357,5712
2020-09-04,P001,S02,63,384,24192
2020-09-05,P001,S03,138,204,28152
2020-09-06,P003,S03,181,301,54481
2020-09-07,P002,S01,129,406,52374
2020-09-08,P001,S02,182,430,78260
2020-09-09,P004,S01,115,365,41975
2020-09-10,P001,S01,56,497,27832
2020-09-11,P001,S01,132,309,40788
2020-09-12,P003,S01,150,150,22500
2020-09-13,P003,S03,128,217,27776
2020-09-14,P002,S03,159,300,47700
2020-09-15,P004,S01,127,476,60452
2020-09-16,P003,S02,30,138,4140
2020-09-17,P001,S02,146,127,18542
2020-09-18,P002,S02,35,358,12530
2020-09-19,P001,S02,18,183,3294
2020-09-20,P001,S01,24,254,6096
2020-09-21,P003,S03,19,216,4104
2020-09-22,P002,S02,131,101,13231
2020-09-23,P004,S01,130,192,24960
2020-09-24,P004,S02,134,265,35510
2020-09-25,P003,S02,179,486,86994
2020-09-26,P003,S01,81,499,40419
2020-09-27,P002,S03,161,449,72289
2020-09-28,P004,S03,58,395,22910
2020-09-29,P004,S01,163,357,58191
2020-09-30,P004,S03,100,180,18000
2020-10-01,P001,S01,46,367,16882
2020-10-02,P004,S01,77,334,25718
2020-10-03,P001,S01,59,420,24780
2020-10-04,P002,S03,161,410,66010
2020-10-05,P001,S01,28,400,11200
2020-10-06,P002,S02,109,456,49704
2020-10-07,P004,S03,69,312,21528
2020-10-08,P004,S03,176,161,28336
2020-10-09,P002,S03,98,148,14504
2020-10-10,P003,S03,155,226,35030
2020-10-11,P002,S02,156,322,50232
2020-10-12,P003,S03,173,378,65394
2020-10-13,P001,S03,192,393,75456
2020-10-14,P001,S01,78,383,29874
2020-10-15,P001,S03,184,376,69184
2020-10-16,P004,S02,58,206,11948
2020-10-17,P001,S02,117,245,28665
2020-10-18,P003,S02,170,198,33660
2020-10-19,P001,S02,128,474,60672
2020-10-20,P002,S03,158,172,27176
2020-10-21,P002,S03,159,221,35139
2020-10-22,P004,S02,185,129,23865
2020-10-23,P002,S02,46,287,13202
2020-10-24,P003,S03,152,463,70376
2020-10-25,P001,S02,172,453,77916
2020-10-26,P004,S01,169,387,65403
2020-10-27,P001,S02,20,294,5880
2020-10-28,P001,S02,147,255,37485
2020-10-29,P003,S01,87,271,23577
2020-10-30,P002,S01,86,434,37324
2020-10-31,P002,S03,194,140,27160
2020-11-01,P001,S03,162,162,26244
2020-11-02,P004,S01,11,122,1342
2020-11-03,P002,S01,73,459,33507
2020-11-04,P004,S03,44,174,7656
2020-11-05,P002,S02,16,147,2352
2020-11-06,P004,S01,94,259,24346
2020-11-07,P003,S03,155,412,63860
2020-11-08,P004,S02,76,217,16492
2020-11-09,P003,S01,51,199,10149
2020-11-10,P003,S02,127,479,60833
2020-11-11,P004,S03,134,266,35644
2020-11-12,P003,S01,176,389,68464
2020-11-13,P001,S02,178,255,45390
2020-11-14,P003,S01,33,106,3498
2020-11-15,P002,S02,197,295,58115
2020-11-16,P004,S03,55,155,8525
2020-11-17,P001,S03,28,420,11760
2020-11-18,P004,S01,77,292,22484
2020-11-19,P002,S02,111,146,16206
2020-11-20,P002,S01,51,247,12597
2020-11-21,P002,S01,41,374,15334
2020-11-22,P003,S02,176,256,45056
2020-11-23,P003,S02,118,301,35518
2020-11-24,P004,S02,45,225,10125
2020-11-25,P004,S03,106,494,52364
2020-11-26,P001,S01,173,404,69892
2020-11-27,P001,S01,140,468,65520
2020-11-28,P004,S03,82,393,32226
2020-11-29,P003,S02,145,163,23635
2020-11-30,P002,S03,106,424,44944
2020-12-01,P004,S03,132,491,64812
2020-12-02,P001,S03,79,275,21725
2020-12-03,P003,S01,178,215,38270
2020-12-04,P004,S03,22,303,6666
2020-12-05,P004,S01,58,420,24360
2020-12-06,P003,S01,69,130,8970
2020-12-07,P004,S01,139,487,67693
2020-12-08,P003,S02,197,212,41764
2020-12-09,P002,S01,14,464,6496
2020-12-10,P003,S01,181,424,76744
2020-12-11,P003,S02,36,475,17100
2020-12-12,P003,S01,169,443,74867
2020-12-13,P004,S03,158,166,26228
2020-12-14,P004,S03,17,174,2958
2020-12-15,P003,S01,59,144,8496
2020-12-16,P004,S02,76,359,27284
2020-12-17,P001,S03,53,253,13409
2020-12-18,P001,S02,134,254,34036
2020-12-19,P004,S02,67,462,30954
2020-12-20,P004,S03,12,333,3996
2020-12-21,P003,S02,95,150,14250
2020-12-22,P002,S03,79,405,31995
2020-12-23,P004,S02,139,361,50179
2020-12-24,P001,S03,181,414,74934
2020-12-25,P003,S01,11,224,2464
2020-12-26,P004,S03,111,498,55278
2020-12-27,P001,S03,44,344,15136
2020-12-28,P001,S03,107,129,13803
2020-12-29,P002,S03,39,221,8619
2020-12-30,P003,S02,125,224,28000
2020-12-31,P003,S01,17,136,2312
2021-01-01,P002,S03,159,269,42771
2021-01-02,P002,S02,53,223,11819
2021-01-03,P003,S01,195,456,88920
2021-01-04,P003,S01,45,134,6030
2021-01-05,P004,S01,86,186,15996
2021-01-06,P004,S01,40,233,9320
2021-01-07,P002,S03,56,295,16520
2021-01-08,P004,S03,64,373,23872
2021-01-09,P001,S02,115,300,34500
2021-01-10,P004,S02,199,468,93132
2021-01-11,P004,S02,167,384,64128
2021-01-12,P001,S01,130,176,22880
2021-01-13,P002,S01,64,158,10112
2021-01-14,P001,S03,153,225,34425
2021-01-15,P004,S01,21,208,4368
2021-01-16,P002,S01,154,323,49742
2021-01-17,P004,S01,153,377,57681
2021-01-18,P001,S02,149,167,24883
2021-01-19,P001,S02,145,168,24360
2021-01-20,P004,S03,12,264,3168
2021-01-21,P003,S01,153,404,61812
2021-01-22,P003,S01,39,496,19344
2021-01-23,P001,S03,32,261,8352
2021-01-24,P001,S01,101,464,46864
2021-01-25,P003,S01,124,441,54684
2021-01-26,P003,S02,113,408,46104
2021-01-27,P004,S03,127,478,60706
2021-01-28,P004,S03,14,442,6188
2021-01-29,P003,S03,113,486,54918
2021-01-30,P004,S03,117,141,16497
2021-01-31,P004,S02,74,453,33522
2021-02-01,P002,S02,130,208,27040
2021-02-02,P004,S01,39,150,5850
2021-02-03,P001,S01,158,349,55142
2021-02-04,P004,S01,93,440,40920
2021-02-05,P004,S01,159,482,76638
2021-02-06,P003,S02,41,120,4920
2021-02-07,P001,S03,170,399,67830
2021-02-08,P004,S02,25,238,5950
2021-02-09,P004,S01,47,458,21526
2021-02-10,P002,S02,151,423,63873
2021-02-11,P004,S03,45,484,21780
2021-02-12,P004,S03,160,191,30560
2021-02-13,P002,S02,123,379,46617
2021-02-14,P003,S02,75,224,16800
2021-02-15,P004,S02,114,496,56544
2021-02-16,P002,S01,94,210,19740
2021-02-17,P001,S02,11,453,4983
2021-02-18,P003,S02,84,238,19992
2021-02-19,P001,S02,76,372,28272
2021-02-20,P001,S03,189,198,37422
2021-02-21,P002,S03,199,351,69849
2021-02-22,P004,S01,160,437,69920
2021-02-23,P002,S01,163,203,33089
2021-02-24,P002,S03,64,313,20032
2021-02-25,P002,S03,15,348,5220
2021-02-26,P002,S03,172,251,43172
2021-02-27,P003,S02,159,349,55491
2021-02-28,P004,S02,180,374,67320
2021-03-01,P001,S03,152,264,40128
2021-03-02,P001,S02,95,440,41800
2021-03-03,P004,S02,69,107,7383
2021-03-04,P001,S01,110,383,42130
2021-03-05,P004,S03,21,104,2184
2021-03-06,P001,S03,58,244,14152
2021-03-07,P002,S02,51,200,10200
2021-03-08,P001,S03,175,263,46025
2021-03-09,P004,S01,91,473,43043
2021-03-10,P004,S01,182,246,44772
2021-03-11,P004,S01,44,163,7172
2021-03-12,P004,S03,167,190,31730
2021-03-13,P004,S03,167,216,36072
2021-03-14,P003,S03,143,453,64779
2021-03-15,P003,S03,76,366,27816
2021-03-16,P001,S03,89,409,36401
2021-03-17,P004,S01,16,272,4352
2021-03-18,P001,S02,189,146,27594
2021-03-19,P004,S01,23,239,5497
2021-03-20,P004,S03,82,345,28290
2021-03-21,P003,S01,152,248,37696
2021-03-22,P003,S03,158,345,54510
2021-03-23,P002,S03,172,494,84968
2021-03-24,P003,S01,75,104,7800
2021-03-25,P002,S03,100,283,28300
2021-03-26,P002,S02,139,119,16541
2021-03-27,P002,S03,172,145,24940
2021-03-28,P002,S02,29,111,3219
2021-03-29,P002,S02,19,169,3211
2021-03-30,P001,S03,34,116,3944
2021-03-31,P003,S01,34,470,15980
2021-04-01,P002,S02,63,246,15498
2021-04-02,P004,S01,42,253,10626
2021-04-03,P003,S02,173,403,69719
2021-04-04,P003,S03,104,207,21528
2021-04-05,P002,S03,23,335,7705
2021-04-06,P001,S02,74,407,30118
2021-04-07,P002,S03,119,451,53669
2021-04-08,P001,S02,89,169,15041
2021-04-09,P004,S03,63,282,17766
2021-04-10,P003,S01,134,349,46766
2021-04-11,P004,S03,189,327,61803
2021-04-12,P001,S01,140,201,28140
2021-04-13,P001,S03,178,174,30972
2021-04-14,P004,S01,143,315,45045
2021-04-15,P001,S03,34,498,16932
2021-04-16,P004,S01,150,302,45300
2021-04-17,P003,S02,126,291,36666
2021-04-18,P004,S02,145,348,50460
2021-04-19,P003,S01,158,341,53878
2021-04-20,P004,S03,34,278,9452
2021-04-21,P001,S01,88,318,27984
2021-04-22,P004,S03,77,181,13937
2021-04-23,P001,S02,182,191,34762
2021-04-24,P004,S03,197,274,53978
2021-04-25,P004,S02,21,338,7098
2021-04-26,P002,S03,41,359,14719
2021-04-27,P001,S03,137,490,67130
2021-04-28,P002,S03,105,464,48720
2021-04-29,P001,S01,101,262,26462
2021-04-30,P002,S01,150,147,22050
2021-05-01,P003,S02,40,428,17120
2021-05-02,P004,S02,87,427,37149
2021-05-03,P001,S01,29,215,6235
2021-05-04,P001,S02,155,436,67580
2021-05-05,P004,S01,69,436,30084
2021-05-06,P001,S03,143,468,66924
2021-05-07,P001,S02,169,324,54756
2021-05-08,P002,S02,102,451,46002
2021-05-09,P001,S01,52,427,22204
2021-05-10,P003,S02,139,246,34194
2021-05-11,P003,S02,69,162,11178
2021-05-12,P004,S03,160,393,62880
2021-05-13,P001,S02,40,422,16880
2021-05-14,P004,S03,14,424,5936
2021-05-15,P003,S01,171,112,19152
2021-05-16,P001,S02,19,288,5472
2021-05-17,P001,S03,98,386,37828
2021-05-18,P004,S01,139,307,42673
2021-05-19,P003,S02,135,213,28755
2021-05-20,P001,S01,20,121,2420
2021-05-21,P004,S02,187,448,83776
2021-05-22,P003,S01,168,313,52584
2021-05-23,P004,S01,65,270,17550
2021-05-24,P002,S03,92,422,38824
2021-05-25,P001,S01,146,153,22338
2021-05-26,P002,S02,108,493,53244
2021-05-27,P003,S02,158,397,62726
2021-05-28,P002,S03,82,419,34358
2021-05-29,P002,S02,165,225,37125
2021-05-30,P003,S02,199,376,74824
2021-05-31,P004,S02,124,303,37572
2021-06-01,P002,S01,16,293,4688
2021-06-02,P004,S01,89,268,23852
2021-06-03,P002,S02,153,251,38403
2021-06-04,P004,S03,106,134,14204
2021-06-05,P003,S01,13,283,3679
2021-06-06,P002,S03,13,385,5005
2021-06-07,P003,S02,112,156,17472
2021-06-08,P002,S02,49,321,15729
2021-06-09,P003,S01,26,402,10452
2021-06-10,P003,S02,110,262,28820
2021-06-11,P002,S01,112,118,13216
2021-06-12,P002,S02,133,469,62377
2021-06-13,P002,S02,61,363,22143
2021-06-14,P001,S01,61,381,23241
2021-06-15,P004,S01,173,212,36676
2021-06-16,P001,S01,133,426,56658
2021-06-17,P001,S02,175,129,22575
2021-06-18,P003,S02,187,234,43758
2021-06-19,P002,S03,72,166,11952
2021-06-20,P004,S01,125,164,20500
2021-06-21,P003,S02,71,391,27761
2021-06-22,P001,S02,16,124,1984
2021-06-23,P002,S01,164,136,22304
2021-06-24,P003,S03,101,100,10100
2021-06-25,P002,S01,23,498,11454
2021-06-26,P003,S03,95,136,12920
2021-06-27,P002,S02,142,240,34080
2021-06-28,P001,S03,192,331,63552
2021-06-29,P004,S02,139,235,32665
2021-06-30,P001,S01,71,488,34648
2021-07-01,P004,S01,158,287,45346
2021-07-02,P002,S01,88,227,19976
2021-07-03,P003,S03,158,300,47400
2021-07-04,P001,S02,147,226,33222
2021-07-05,P004,S01,67,356,23852
2021-07-06,P001,S01,129,263,33927
2021-07-07,P004,S02,176,134,23584
2021-07-08,P001,S01,142,293,41606
2021-07-09,P004,S02,74,290,21460
2021-07-10,P004,S02,22,203,4466
2021-07-11,P002,S02,190,122,23180
2021-07-12,P004,S02,91,364,33124
2021-07-13,P002,S02,182,389,70798
2021-07-14,P004,S03,169,483,81627
2021-07-15,P003,S01,173,359,62107
2021-07-16,P003,S03,197,457,90029
2021-07-17,P003,S01,148,174,25752
2021-07-18,P004,S03,158,454,71732
2021-07-19,P002,S02,61,171,10431
2021-07-20,P002,S01,192,358,68736
2021-07-21,P004,S01,126,497,62622
2021-07-22,P003,S03,35,287,10045
2021-07-23,P003,S03,43,272,11696
2021-07-24,P002,S01,61,389,23729
2021-07-25,P003,S03,121,144,17424
2021-07-26,P001,S03,91,160,14560
2021-07-27,P002,S03,189,182,34398
2021-07-28,P003,S02,166,222,36852
2021-07-29,P002,S02,175,457,79975
2021-07-30,P001,S03,51,115,5865
2021-07-31,P002,S03,30,165,4950
2021-08-01,P002,S02,51,244,12444
2021-08-02,P002,S02,150,474,71100
2021-08-03,P002,S01,122,261,31842
2021-08-04,P001,S01,114,333,37962
2021-08-05,P004,S02,26,479,12454
2021-08-06,P002,S03,129,243,31347
2021-08-07,P002,S03,146,457,66722
2021-08-08,P003,S03,178,287,51086
2021-08-09,P002,S03,138,421,58098
2021-08-10,P003,S01,139,112,15568
2021-08-11,P004,S02,69,283,19527
2021-08-12,P001,S03,57,210,11970
2021-08-13,P001,S01,38,389,14782
2021-08-14,P004,S03,106,394,41764
2021-08-15,P001,S02,19,491,9329
2021-08-16,P004,S01,67,314,21038
2021-08-17,P004,S02,197,219,43143
2021-08-18,P004,S02,30,481,14430
2021-08-19,P001,S01,37,154,5698
2021-08-20,P003,S01,43,126,5418
2021-08-21,P004,S01,17,217,3689
2021-08-22,P002,S01,196,320,62720
2021-08-23,P001,S01,186,330,61380
2021-08-24,P004,S01,88,152,13376
2021-08-25,P004,S01,154,394,60676
2021-08-26,P002,S03,197,420,82740
2021-08-27,P003,S02,96,332,31872
2021-08-28,P003,S01,97,257,24929
2021-08-29,P003,S03,182,368,66976
2021-08-30,P004,S03,78,120,9360
2021-08-31,P004,S03,169,152,25688
2021-09-01,P004,S02,181,374,67694
2021-09-02,P001,S01,96,412,39552
2021-09-03,P002,S03,110,380,41800
2021-09-04,P004,S02,17,313,5321
2021-09-05,P002,S02,86,130,11180
2021-09-06,P002,S02,96,436,41856
2021-09-07,P003,S03,52,282,14664
2021-09-08,P001,S01,138,122,16836
2021-09-09,P004,S03,118,131,15458
2021-09-10,P003,S03,188,173,32524
2021-09-11,P003,S01,161,109,17549
2021-09-12,P004,S01,161,153,24633
2021-09-13,P002,S01,26,151,3926
2021-09-14,P003,S02,142,247,35074
2021-09-15,P002,S01,157,259,40663
2021-09-16,P001,S03,30,469,14070
2021-09-17,P002,S01,67,113,7571
2021-09-18,P001,S03,168,277,46536
2021-09-19,P002,S02,119,465,55335
2021-09-20,P003,S03,148,152,22496
2021-09-21,P003,S03,189,434,82026
2021-09-22,P001,S01,152,121,18392
2021-09-23,P004,S01,144,129,18576
2021-09-24,P001,S03,37,290,10730
2021-09-25,P001,S01,60,359,21540
2021-09-26,P002,S02,195,304,59280
2021-09-27,P002,S02,14,158,2212
2021-09-28,P001,S01,14,363,5082
2021-09-29,P003,S02,103,111,11433
2021-09-30,P002,S01,105,218,22890
2021-10-01,P004,S03,17,389,6613
2021-10-02,P002,S03,73,437,31901
2021-10-03,P002,S02,147,347,51009
2021-10-04,P004,S01,47,453,21291
2021-10-05,P001,S01,120,226,27120
2021-10-06,P004,S02,121,174,21054
2021-10-07,P001,S03,90,460,41400
2021-10-08,P001,S02,145,303,43935
2021-10-09,P001,S03,113,148,16724
2021-10-10,P004,S01,162,178,28836
2021-10-11,P001,S03,82,340,27880
2021-10-12,P003,S02,187,448,83776
2021-10-13,P004,S01,58,253,14674
2021-10-14,P003,S02,45,373,16785
2021-10-15,P001,S02,135,195,26325
2021-10-16,P002,S03,77,313,24101
2021-10-17,P001,S02,87,393,34191
2021-10-18,P003,S03,114,308,35112
2021-10-19,P003,S01,178,442,78676
2021-10-20,P004,S03,131,187,24497
2021-10-21,P002,S01,128,405,51840
2021-10-22,P004,S03,199,363,72237
2021-10-23,P003,S02,123,489,60147
2021-10-24,P001,S03,19,424,8056
2021-10-25,P002,S03,158,476,75208
2021-10-26,P001,S01,173,419,72487
2021-10-27,P001,S02,149,256,38144
2021-10-28,P002,S03,100,255,25500
2021-10-29,P004,S02,11,238,2618
2021-10-30,P001,S03,127,220,27940
2021-10-31,P003,S03,22,164,3608
2021-11-01,P001,S02,190,206,39140
2021-11-02,P002,S03,169,246,41574
2021-11-03,P002,S02,104,236,24544
2021-11-04,P002,S03,153,261,39933
2021-11-05,P004,S01,41,199,8159
2021-11-06,P001,S02,41,437,17917
2021-11-07,P004,S03,133,498,66234
2021-11-08,P004,S03,20,406,8120
2021-11-09,P002,S01,19,240,4560
2021-11-10,P002,S02,24,182,4368
2021-11-11,P004,S03,26,276,7176
2021-11-12,P001,S01,177,297,52569
2021-11-13,P003,S03,155,211,32705
2021-11-14,P004,S02,192,155,29760
2021-11-15,P001,S03,162,278,45036
2021-11-16,P002,S03,68,285,19380
2021-11-17,P002,S03,87,317,27579
2021-11-18,P001,S03,133,415,55195
2021-11-19,P003,S01,123,316,38868
2021-11-20,P002,S01,31,219,6789
2021-11-21,P002,S02,167,493,82331
2021-11-22,P002,S01,181,274,49594
2021-11-23,P001,S01,41,122,5002
2021-11-24,P004,S02,188,312,58656
2021-11-25,P002,S01,183,334,61122
2021-11-26,P004,S01,122,112,13664
2021-11-27,P003,S02,129,200,25800
2021-11-28,P002,S02,158,123,19434
2021-11-29,P002,S02,131,463,60653
2021-11-30,P003,S03,41,110,4510
2021-12-01,P002,S03,128,372,47616
2021-12-02,P004,S02,48,380,18240
2021-12-03,P001,S02,21,193,4053
2021-12-04,P004,S02,184,300,55200
2021-12-05,P001,S03,27,120,3240
2021-12-06,P001,S03,158,439,69362
2021-12-07,P004,S01,150,310,46500
2021-12-08,P004,S01,158,239,37762
2021-12-09,P004,S02,135,392,52920
2021-12-10,P004,S03,145,397,57565
2021-12-11,P003,S03,55,200,11000
2021-12-12,P002,S03,113,403,45539
2021-12-13,P001,S02,144,458,65952
2021-12-14,P004,S01,160,127,20320
2021-12-15,P004,S02,95,140,13300
2021-12-16,P004,S01,159,454,72186
2021-12-17,P003,S01,98,402,39396
2021-12-18,P004,S02,31,245,7595
2021-12-19,P004,S01,101,355,35855
2021-12-20,P004,S01,38,326,12388
2021-12-21,P002,S03,22,335,7370
2021-12-22,P003,S01,11,460,5060
2021-12-23,P004,S02,38,479,18202
2021-12-24,P001,S02,189,112,21168
2021-12-25,P001,S01,36,309,11124
2021-12-26,P001,S03,59,328,19352
2021-12-27,P003,S03,104,496,51584
2021-12-28,P003,S01,160,199,31840
2021-12-29,P001,S01,97,130,12610
2021-12-30,P004,S02,53,485,25705
2021-12-31,P003,S01,31,115,3565
2022-01-01,P001,S03,180,236,42480
2022-01-02,P001,S01,174,428,74472
2022-01-03,P004,S02,198,265,52470
2022-01-04,P002,S02,106,409,43354
2022-01-05,P003,S02,193,199,38407
2022-01-06,P004,S02,12,208,2496
2022-01-07,P001,S02,127,442,56134
2022-01-08,P001,S01,28,272,7616
2022-01-09,P004,S01,32,336,10752
2022-01-10,P003,S01,166,261,43326
2022-01-11,P002,S01,39,492,19188
2022-01-12,P002,S02,48,315,15120
2022-01-13,P001,S03,117,363,42471
2022-01-14,P003,S01,120,362,43440
2022-01-15,P002,S03,34,391,13294
2022-01-16,P003,S01,137,373,51101
2022-01-17,P003,S01,120,102,12240
2022-01-18,P001,S03,145,127,18415
2022-01-19,P002,S02,115,425,48875
2022-01-20,P004,S01,195,248,48360
2022-01-21,P001,S01,153,127,19431
2022-01-22,P002,S01,81,409,33129
2022-01-23,P002,S03,138,164,22632
2022-01-24,P002,S02,117,455,53235
2022-01-25,P002,S03,14,120,1680
2022-01-26,P002,S03,12,351,4212
2022-01-27,P003,S02,141,334,47094
2022-01-28,P001,S03,113,326,36838
2022-01-29,P003,S02,73,112,8176
2022-01-30,P004,S01,115,412,47380
2022-01-31,P002,S02,107,148,15836
2022-02-01,P001,S01,19,217,4123
2022-02-02,P002,S03,158,153,24174
2022-02-03,P001,S03,137,237,32469
2022-02-04,P003,S01,55,152,8360
2022-02-05,P001,S03,164,143,23452
2022-02-06,P004,S02,75,402,30150
2022-02-07,P004,S01,178,152,27056
2022-02-08,P001,S03,121,173,20933
2022-02-09,P001,S01,22,145,3190
2022-02-10,P001,S02,146,112,16352
2022-02-11,P001,S02,173,264,45672
2022-02-12,P004,S03,95,201,19095
2022-02-13,P002,S02,99,379,37521
2022-02-14,P001,S01,67,357,23919
2022-02-15,P001,S02,63,436,27468
2022-02-16,P004,S01,21,455,9555
2022-02-17,P004,S01,23,497,11431
2022-02-18,P003,S02,130,237,30810
2022-02-19,P001,S03,171,262,44802
2022-02-20,P003,S02,190,486,92340
2022-02-21,P004,S01,130,210,27300
2022-02-22,P004,S01,29,201,5829
2022-02-23,P002,S02,84,116,9744
2022-02-24,P001,S03,153,367,56151
2022-02-25,P003,S03,79,281,22199
2022-02-26,P004,S01,65,471,30615
2022-02-27,P004,S01,110,123,13530
2022-02-28,P003,S03,195,128,24960
2022-03-01,P002,S02,141,270,38070
2022-03-02,P004,S01,120,327,39240
2022-03-03,P001,S01,134,477,63918
2022-03-04,P004,S03,141,287,40467
2022-03-05,P001,S02,29,445,12905
2022-03-06,P003,S03,147,329,48363
2022-03-07,P001,S02,33,420,13860
2022-03-08,P003,S02,163,439,71557
2022-03-09,P001,S02,46,218,10028
2022-03-10,P003,S01,63,255,16065
2022-03-11,P001,S03,112,371,41552
2022-03-12,P002,S03,158,274,43292
2022-03-13,P001,S02,47,203,9541
2022-03-14,P001,S01,183,191,34953
2022-03-15,P002,S01,13,285,3705
2022-03-16,P004,S03,197,382,75254
2022-03-17,P004,S01,66,280,18480
2022-03-18,P001,S01,182,269,48958
2022-03-19,P002,S02,29,286,8294
2022-03-20,P001,S01,26,274,7124
2022-03-21,P003,S02,128,321,41088
2022-03-22,P003,S03,80,332,26560
2022-03-23,P001,S01,13,261,3393
2022-03-24,P004,S03,23,233,5359
2022-03-25,P004,S03,12,490,5880
2022-03-26,P001,S01,89,323,28747
2022-03-27,P001,S01,195,252,49140
2022-03-28,P003,S03,64,132,8448
2022-03-29,P004,S01,141,154,21714
2022-03-30,P001,S02,129,106,13674
2022-03-31,P003,S02,33,343,11319
2022-04-01,P004,S01,171,412,70452
2022-04-02,P002,S03,167,225,37575
2022-04-03,P003,S01,91,111,10101
2022-04-04,P004,S01,156,115,17940
2022-04-05,P004,S03,168,307,51576
2022-04-06,P003,S03,197,142,27974
2022-04-07,P002,S02,69,472,32568
2022-04-08,P003,S03,156,234,36504
2022-04-09,P004,S02,58,327,18966
2022-04-10,P001,S03,72,210,15120
2022-04-11,P001,S01,119,406,48314
2022-04-12,P003,S02,159,259,41181
2022-04-13,P004,S02,161,430,69230
2022-04-14,P001,S02,118,363,42834
2022-04-15,P004,S01,85,324,27540
2022-04-16,P003,S01,39,316,12324
2022-04-17,P001,S01,67,144,9648
2022-04-18,P004,S01,126,313,39438
2022-04-19,P001,S01,168,158,26544
2022-04-20,P003,S02,109,231,25179
2022-04-21,P004,S01,28,203,5684
2022-04-22,P001,S02,185,294,54390
2022-04-23,P003,S01,182,256,46592
2022-04-24,P001,S03,103,197,20291
2022-04-25,P001,S02,192,325,62400
2022-04-26,P002,S03,122,304,37088
2022-04-27,P002,S02,192,178,34176
2022-04-28,P003,S03,155,223,34565
2022-04-29,P002,S01,72,317,22824
2022-04-30,P003,S01,125,103,12875
2022-05-01,P002,S01,122,189,23058
2022-05-02,P001,S02,56,203,11368
2022-05-03,P003,S03,66,492,32472
2022-05-04,P003,S01,127,218,27686
2022-05-05,P001,S03,54,232,12528
2022-05-06,P003,S03,170,411,69870
2022-05-07,P003,S01,154,195,30030
2022-05-08,P002,S01,13,430,5590
2022-05-09,P003,S03,157,242,37994
2022-05-10,P004,S01,56,387,21672
2022-05-11,P001,S01,152,127,19304
2022-05-12,P002,S01,56,377,21112
2022-05-13,P002,S02,87,332,28884
2022-05-14,P004,S03,133,116,15428
2022-05-15,P001,S03,84,158,13272
2022-05-16,P001,S02,112,189,21168
2022-05-17,P002,S03,146,298,43508
2022-05-18,P003,S01,99,461,45639
2022-05-19,P002,S03,153,125,19125
2022-05-20,P001,S01,78,124,9672
2022-05-21,P004,S02,70,493,34510
2022-05-22,P002,S01,147,400,58800
2022-05-23,P001,S03,59,438,25842
2022-05-24,P002,S03,12,366,4392
2022-05-25,P003,S03,116,280,32480
2022-05-26,P002,S02,122,459,55998
2022-05-27,P002,S02,103,167,17201
2022-05-28,P001,S03,127,450,57150
2022-05-29,P001,S01,90,420,37800
2022-05-30,P001,S02,118,148,17464
2022-05-31,P002,S03,60,274,16440
2022-06-01,P003,S03,156,151,23556
2022-06-02,P004,S02,179,201,35979
2022-06-03,P004,S02,44,315,13860
2022-06-04,P001,S02,55,287,15785
2022-06-05,P001,S01,163,156,25428
2022-06-06,P002,S01,78,146,11388
2022-06-07,P004,S03,102,258,26316
2022-06-08,P001,S02,73,273,19929
2022-06-09,P003,S01,174,341,59334
2022-06-10,P003,S02,58,381,22098
2022-06-11,P001,S03,158,340,53720
2022-06-12,P001,S01,83,469,38927
2022-06-13,P004,S01,14,104,1456
2022-06-14,P004,S01,109,183,19947
2022-06-15,P002,S03,79,407,32153
2022-06-16,P004,S02,99,460,45540
2022-06-17,P003,S01,13,347,4511
2022-06-18,P003,S03,135,153,20655
2022-06-19,P001,S02,48,260,12480
2022-06-20,P004,S03,172,325,55900
2022-06-21,P002,S02,138,114,15732
2022-06-22,P003,S03,33,323,10659
2022-06-23,P003,S02,66,160,10560
2022-06-24,P002,S01,109,221,24089
2022-06-25,P002,S02,79,376,29704
2022-06-26,P003,S03,50,145,7250
2022-06-27,P003,S03,191,489,93399
2022-06-28,P002,S02,183,393,71919
2022-06-29,P003,S01,69,161,11109
2022-06-30,P001,S01,117,185,21645
2022-07-01,P001,S02,197,309,60873
2022-07-02,P002,S02,66,177,11682
2022-07-03,P004,S03,40,301,12040
2022-07-04,P002,S01,93,401,37293
2022-07-05,P002,S02,161,496,79856
2022-07-06,P004,S01,45,322,14490
2022-07-07,P004,S02,167,321,53607
2022-07-08,P004,S02,161,102,16422
2022-07-09,P001,S01,117,105,12285
2022-07-10,P003,S02,115,192,22080
2022-07-11,P001,S02,167,107,17869
2022-07-12,P003,S03,95,334,31730
2022-07-13,P001,S02,144,207,29808
2022-07-14,P003,S02,172,260,44720
2022-07-15,P001,S02,192,308,59136
2022-07-16,P004,S03,23,339,7797
2022-07-17,P002,S01,129,430,55470
2022-07-18,P001,S03,147,432,63504
2022-07-19,P003,S03,89,149,13261
2022-07-20,P004,S01,153,110,16830
2022-07-21,P001,S03,191,450,85950
2022-07-22,P001,S01,115,255,29325
2022-07-23,P004,S03,79,169,13351
2022-07-24,P001,S01,53,268,14204
2022-07-25,P002,S02,82,371,30422
2022-07-26,P001,S03,54,167,9018
2022-07-27,P002,S03,193,454,87622
2022-07-28,P002,S03,116,351,40716
2022-07-29,P004,S03,93,147,13671
2022-07-30,P001,S02,91,283,25753
2022-07-31,P004,S03,116,419,48604
2022-08-01,P001,S02,194,286,55484
2022-08-02,P001,S02,30,189,5670
2022-08-03,P003,S02,187,431,80597
2022-08-04,P001,S02,170,238,40460
2022-08-05,P004,S01,16,456,7296
2022-08-06,P002,S01,79,188,14852
2022-08-07,P001,S03,136,373,50728
2022-08-08,P003,S01,152,118,17936
2022-08-09,P004,S01,169,410,69290
2022-08-10,P001,S03,157,457,71749
2022-08-11,P004,S03,152,473,71896
2022-08-12,P003,S03,185,253,46805
2022-08-13,P003,S01,158,489,77262
2022-08-14,P004,S01,179,359,64261
2022-08-15,P001,S03,163,207,33741
2022-08-16,P002,S02,129,470,60630
2022-08-17,P003,S03,137,384,52608
2022-08-18,P001,S02,151,158,23858
2022-08-19,P001,S02,66,224,14784
2022-08-20,P002,S03,174,453,78822
2022-08-21,P003,S03,67,372,24924
2022-08-22,P003,S03,30,206,6180
2022-08-23,P001,S01,91,398,36218
2022-08-24,P001,S02,78,344,26832
2022-08-25,P002,S01,140,435,60900
2022-08-26,P002,S01,96,346,33216
2022-08-27,P003,S03,174,107,18618
2022-08-28,P004,S01,58,240,13920
2022-08-29,P003,S03,156,461,71916
2022-08-30,P001,S02,124,107,13268
2022-08-31,P003,S03,98,451,44198
2022-09-01,P004,S01,94,193,18142
2022-09-02,P002,S01,137,420,57540
2022-09-03,P004,S03,149,138,20562
2022-09-04,P004,S03,198,180,35640
2022-09-05,P004,S01,178,286,50908
2022-09-06,P002,S02,170,183,31110
2022-09-07,P004,S02,187,187,34969
2022-09-08,P004,S03,126,341,42966
2022-09-09,P004,S02,136,441,59976
2022-09-10,P001,S01,80,192,15360
2022-09-11,P004,S03,95,185,17575
2022-09-12,P002,S01,42,143,6006
2022-09-13,P004,S01,90,236,21240
2022-09-14,P004,S02,161,173,27853
2022-09-15,P002,S03,70,135,9450
2022-09-16,P004,S03,70,200,14000
2022-09-17,P002,S02,107,255,27285
2022-09-18,P004,S01,37,354,13098
2022-09-19,P002,S01,195,270,52650
2022-09-20,P004,S01,52,315,16380
2022-09-21,P004,S01,178,269,47882
2022-09-22,P001,S03,176,351,61776
2022-09-23,P001,S03,95,459,43605
2022-09-24,P004,S02,186,421,78306
2022-09-25,P004,S02,26,154,4004
2022-09-26,P003,S03,107,190,20330
2022-09-27,P002,S03,107,377,40339
2022-09-28,P003,S01,74,200,14800
2022-09-29,P001,S01,83,254,21082
2022-09-30,P001,S02,94,476,44744
2022-10-01,P001,S03,14,448,6272
2022-10-02,P001,S02,11,463,5093
2022-10-03,P004,S03,31,240,7440
2022-10-04,P001,S01,121,272,32912
2022-10-05,P004,S02,66,109,7194
2022-10-06,P004,S02,75,327,24525
2022-10-07,P001,S03,83,364,30212
2022-10-08,P001,S01,107,347,37129
2022-10-09,P002,S02,153,346,52938
2022-10-10,P003,S01,121,254,30734
2022-10-11,P001,S02,188,133,25004
2022-10-12,P002,S01,134,228,30552
2022-10-13,P002,S03,176,259,45584
2022-10-14,P003,S02,95,188,17860
2022-10-15,P004,S02,85,192,16320
2022-10-16,P001,S01,97,426,41322
2022-10-17,P003,S01,177,340,60180
2022-10-18,P001,S02,47,422,19834
2022-10-19,P002,S03,197,216,42552
2022-10-20,P002,S01,68,193,13124
2022-10-21,P004,S01,147,262,38514
2022-10-22,P002,S01,108,198,21384
2022-10-23,P002,S02,72,212,15264
2022-10-24,P003,S02,58,458,26564
2022-10-25,P001,S02,41,190,7790
2022-10-26,P001,S02,144,445,64080
2022-10-27,P003,S03,30,305,9150
2022-10-28,P004,S03,29,116,3364
2022-10-29,P001,S02,163,373,60799
2022-10-30,P002,S03,136,272,36992
2022-10-31,P001,S01,77,215,16555
2022-11-01,P002,S01,119,448,53312
2022-11-02,P004,S01,125,280,35000
2022-11-03,P003,S02,152,190,28880
2022-11-04,P001,S01,129,181,23349
2022-11-05,P003,S03,88,423,37224
2022-11-06,P001,S02,125,213,26625
2022-11-07,P002,S03,101,356,35956
2022-11-08,P003,S01,23,157,3611
2022-11-09,P001,S01,164,253,41492
2022-11-10,P002,S01,134,464,62176
2022-11-11,P003,S02,177,215,38055
2022-11-12,P003,S03,67,442,29614
2022-11-13,P001,S02,37,365,13505
2022-11-14,P001,S02,35,414,14490
2022-11-15,P001,S01,122,302,36844
2022-11-16,P002,S02,75,140,10500
2022-11-17,P001,S02,162,204,33048
2022-11-18,P003,S01,140,488,68320
2022-11-19,P003,S02,53,477,25281
2022-11-20,P001,S01,106,292,30952
2022-11-21,P001,S01,51,377,19227
2022-11-22,P004,S01,15,453,6795
2022-11-23,P003,S01,176,336,59136
2022-11-24,P002,S02,189,320,60480
2022-11-25,P004,S01,32,167,5344
2022-11-26,P001,S01,98,296,29008
2022-11-27,P001,S02,132,355,46860
2022-11-28,P003,S02,187,238,44506
2022-11-29,P001,S03,180,411,73980
2022-11-30,P002,S02,156,248,38688
2022-12-01,P003,S02,60,198,11880
2022-12-02,P001,S03,20,175,3500
2022-12-03,P003,S02,21,381,8001
2022-12-04,P001,S02,83,470,39010
2022-12-05,P001,S02,17,208,3536
2022-12-06,P001,S02,161,287,46207
2022-12-07,P002,S03,50,298,14900
2022-12-08,P002,S02,173,402,69546
2022-12-09,P003,S02,94,426,40044
2022-12-10,P001,S03,81,253,20493
2022-12-11,P001,S01,64,139,8896
2022-12-12,P002,S03,146,232,33872
2022-12-13,P001,S01,56,231,12936
2022-12-14,P002,S03,152,378,57456
2022-12-15,P001,S03,185,461,85285
2022-12-16,P003,S02,113,183,20679
2022-12-17,P001,S01,51,498,25398
2022-12-18,P001,S02,69,341,23529
2022-12-19,P004,S01,21,215,4515
2022-12-20,P002,S03,139,208,28912
2022-12-21,P001,S03,16,320,5120
2022-12-22,P001,S01,89,491,43699
2022-12-23,P004,S02,140,140,19600
2022-12-24,P004,S02,118,467,55106
2022-12-25,P002,S02,12,246,2952
2022-12-26,P004,S02,36,211,7596
2022-12-27,P003,S03,123,202,24846
2022-12-28,P004,S03,116,145,16820
2022-12-29,P003,S03,49,423,20727
2022-12-30,P002,S03,170,477,81090
2022-12-31,P002,S03,138,370,51060
2023-01-01,P002,S02,17,484,8228
2023-01-02,P002,S02,110,294,32340
2023-01-03,P002,S02,169,466,78754
2023-01-04,P003,S02,133,379,50407
2023-01-05,P003,S03,185,382,70670
2023-01-06,P002,S03,116,139,16124
2023-01-07,P004,S03,110,288,31680
2023-01-08,P001,S01,13,263,3419
2023-01-09,P002,S02,119,123,14637
2023-01-10,P004,S02,28,123,3444
2023-01-11,P001,S03,41,103,4223
2023-01-12,P002,S02,146,422,61612
2023-01-13,P002,S02,21,389,8169
2023-01-14,P003,S03,148,280,41440
2023-01-15,P001,S01,55,347,19085
2023-01-16,P001,S01,128,215,27520
2023-01-17,P004,S01,25,378,9450
2023-01-18,P003,S03,138,464,64032
2023-01-19,P003,S02,72,168,12096
2023-01-20,P003,S03,118,450,53100
2023-01-21,P003,S03,128,353,45184
2023-01-22,P001,S02,30,280,8400
2023-01-23,P001,S01,167,417,69639
2023-01-24,P002,S01,22,268,5896
2023-01-25,P002,S03,171,412,70452
2023-01-26,P003,S01,13,348,4524
2023-01-27,P003,S03,165,287,47355
2023-01-28,P003,S03,111,153,16983
2023-01-29,P002,S02,68,425,28900
2023-01-30,P004,S02,137,456,62472
2023-01-31,P004,S02,36,412,14832
2023-02-01,P002,S03,78,237,18486
2023-02-02,P002,S02,34,267,9078
2023-02-03,P002,S01,140,490,68600
2023-02-04,P002,S01,106,202,21412
2023-02-05,P002,S03,34,184,6256
2023-02-06,P002,S03,157,416,65312
2023-02-07,P003,S02,171,311,53181
2023-02-08,P003,S03,163,102,16626
2023-02-09,P003,S03,135,483,65205
2023-02-10,P003,S01,142,278,39476
2023-02-11,P002,S01,198,441,87318
2023-02-12,P004,S02,18,402,7236
2023-02-13,P001,S03,125,431,53875
2023-02-14,P002,S03,187,137,25619
2023-02-15,P001,S01,143,338,48334
2023-02-16,P004,S03,69,268,18492
2023-02-17,P003,S01,181,496,89776
2023-02-18,P004,S02,130,442,57460
2023-02-19,P002,S01,148,413,61124
2023-02-20,P003,S03,184,405,74520
2023-02-21,P002,S02,117,129,15093
2023-02-22,P003,S01,117,289,33813
2023-02-23,P001,S01,140,456,63840
2023-02-24,P001,S02,85,124,10540
2023-02-25,P001,S02,39,211,8229
2023-02-26,P004,S01,30,305,9150
2023-02-27,P002,S03,165,284,46860
2023-02-28,P004,S01,199,481,95719
2023-03-01,P001,S02,170,478,81260
2023-03-02,P002,S01,172,146,25112
2023-03-03,P001,S02,189,473,89397
2023-03-04,P004,S02,43,327,14061
2023-03-05,P004,S03,50,138,6900
2023-03-06,P004,S02,60,115,6900
2023-03-07,P001,S02,184,121,22264
2023-03-08,P002,S03,91,312,28392
2023-03-09,P002,S02,67,409,27403
2023-03-10,P001,S03,84,248,20832
2023-03-11,P002,S03,194,340,65960
2023-03-12,P001,S02,32,371,11872
2023-03-13,P002,S02,185,158,29230
2023-03-14,P003,S01,137,386,52882
2023-03-15,P003,S03,159,301,47859
2023-03-16,P004,S01,26,131,3406
2023-03-17,P003,S02,78,261,20358
2023-03-18,P003,S01,117,354,41418
2023-03-19,P003,S03,148,353,52244
2023-03-20,P001,S01,103,108,11124
2023-03-21,P003,S03,24,238,5712
2023-03-22,P003,S02,100,109,10900
2023-03-23,P004,S02,172,313,53836
2023-03-24,P003,S03,42,372,15624
2023-03-25,P003,S02,134,423,56682
2023-03-26,P002,S02,25,147,3675
2023-03-27,P004,S02,171,210,35910
2023-03-28,P004,S02,75,252,18900
2023-03-29,P004,S03,177,222,39294
2023-03-30,P004,S01,165,456,75240
2023-03-31,P004,S01,56,201,11256
2023-04-01,P004,S02,176,340,59840
2023-04-02,P001,S01,157,420,65940
2023-04-03,P003,S01,133,290,38570
2023-04-04,P004,S02,10,316,3160
2023-04-05,P003,S02,96,150,14400
2023-04-06,P003,S01,137,391,53567
2023-04-07,P001,S03,76,180,13680
2023-04-08,P004,S02,13,482,6266
2023-04-09,P002,S03,195,187,36465
2023-04-10,P001,S01,162,293,47466
2023-04-11,P002,S02,56,203,11368
2023-04-12,P003,S03,47,370,17390
2023-04-13,P003,S02,152,195,29640
2023-04-14,P001,S01,30,478,14340
